সময়	sh o m o y
সুন্দর	sh u nd O r
সকাল	sh o k a l
সন্তান	sh o nt a n
সমাজ	sh o m a j
সবাই	sh o b a i
সংসার	sh o ng sh a r
সাইকেল	s a i k e l
সিনেমা	s i n E m a
সেকেন্ড	s E k e n D
সেন্টার	s E n T a r
সোফা	s O ph a
সুপার	s u p a r
সালাম	s a l a m
সাহেব	s a h e b
সিলেট	s i l e T
সেলিম	s e l i m
সাকলাইন	s a k l a i n
বিজ্ঞান	b i g g y a n
জ্ঞান	g y a n
সন্ধ্যা	sh o n dh a
বিশ্ব	b i sh sh O
স্বাধীনতা	sh a dh i n o t a
আমি	a m i
তুমি	t u m i
সে	sh e
আমরা	a m r a
তোমরা	t O m r a
তারা	t a r a
ভালো	bh a l O
খারাপ	kh a r a p
বাংলাদেশ	b a ng l a d e sh
ঢাকা	Dh a k a
মানুষ	m a n u sh
পানি	p a n i
ক্ষমা	kkh o m a
রক্ত	r o kt O
শক্তি	sh O kt i
করছি	k O r chh i
বাংলা	b a ng l a
আমার	a m a r
নাম	n a m
কম	k o m
ভাত	bh a t
তথ্য	t O t th O
মাথা	m a th a
চোখ	ch O kh
কান	k a n
নাক	n a k
মুখ	m u kh
হাত	h a t
পা	p a
বুক	b u k
পেট	p e T
গলা	g o l a
মা	m a
বাবা	b a b a
ভাই	bh a i
বোন	b O n
ছেলে	chh e l e
মেয়ে	m e y e
স্বামী	sh a m i
স্ত্রী	s t r i
দাদা	d a d a
নানা	n a n a
মাছ	m a chh
মাংস	m a ng sh O
ডাল	D a l
তরকারি	t o r k a r i
দুধ	d u dh
চা	ch a
রুটি	r u T i
ডিম	D i m
তেল	t e l
লবণ	l o b O n
এক	E k
দুই	d u i
তিন	t i n
চার	ch a r
পাঁচ	p a~ ch
ছয়	chh o y
সাত	sh a t
আট	a T
নয়	n o y
দশ	d o sh
লাল	l a l
নীল	n i l
সবুজ	sh O b u j
হলুদ	h O l u d
কালো	k a l O
সাদা	sh a d a
বেগুনি	b e g u n i
কমলা	k o m l a
খাওয়া	kh a O y a
যাওয়া	j a O y a
আসা	a sh a
করা	k o r a
বলা	b o l a
দেখা	d E kh a
শোনা	sh O n a
পড়া	p o r a
লেখা	l E kh a
ঘুমানো	gh u m a n O
বড়	b o r O
ছোট	chh O T O
গরম	g o r O m
ঠান্ডা	Th a n D a
নতুন	n O t u n
পুরনো	p u r O n O
ভারী	bh a r i
হালকা	h a l k a
চট্টগ্রাম	ch o T T O g r a m
রাজশাহী	r a j sh a h i
খুলনা	kh u l n a
বরিশাল	b O r i sh a l
ময়মনসিংহ	m o y m O n sh i ng
বাড়ি	b a r i
আমি ভালো আছি	a m i | bh a l O | a chh i
তুমি কেমন আছো	t u m i | k E m o n | a chh O
সে বাড়ি যাচ্ছে	sh e | b a r i | j a ch chh e
স্কুল	s k u l
নারায়ণগঞ্জ	n a r a y O n g o nj
বিশ্ববিদ্যালয়	b i sh sh O b i d d a l o y
ব্যথা	b A th a
বন্যা	b o n n a
গ্রীষ্ম	gr i sh sh O
জ্বর	j o r
চিকিৎসা	ch i k i t sh a
কলেজ	k o l e j
কম্পিউটার	k o mp i u T a r
মোবাইল	m O b a i l
ডাক্তার	D a kt a r
টেলিভিশন	T e l i bh i sh o n
ইন্টারনেট	i n T a r n e T
রেডিও	r e D i O
দেওয়া	d e O y a
নেওয়া	n e O y a
রাখা	r a kh a
ধরা	dh o r a
ছাড়া	chh a r a
পাওয়া	p a O y a
হওয়া	h o O y a
জানা	j a n a
রংপুর	r o ng p u r
কুমিল্লা	k u m i l l a
বৃষ্টি	b ri shT i
রোদ	r O d
মেঘ	m e gh
ঝড়	jh o r
শীত	sh i t
গরু	g O r u
ছাগল	chh a g O l
মুরগি	m u r g i
কুকুর	k u k u r
বিড়াল	b i r a l
হাতি	h a t i
বাঘ	b a gh
সাপ	sh a p
পাখি	p a kh i
শিক্ষক	sh i kkh o k
ছাত্র	chh a tr O
পরীক্ষা	p O r i kkh a
বই	b O i
কলম	k o l O m
হাসপাতাল	h a sh p a t a l
ওষুধ	O sh u dh
রোগ	r O g
দুপুর	d u p u r
বিকেল	b i k e l
রাত	r a t
আজ	a j
কাল	k a l
পরশু	p O r sh u
এখন	E kh O n
তখন	t o kh O n
শূন্য	sh u n n O
এগারো	E g a r O
বারো	b a r O
তেরো	t E r O
চৌদ্দ	ch o d d O
পনেরো	p O n e r O
ষোলো	sh O l O
সতেরো	sh o t e r O
আঠারো	a Th a r O
উনিশ	u n i sh
কুড়ি	k u r i
ত্রিশ	tr i sh
চল্লিশ	ch O l l i sh
পঞ্চাশ	p o nch a sh
ষাট	sh a T
সত্তর	sh O tt O r
আশি	a sh i
নব্বই	n O b b O i
একশ	E k sh O
শত	sh o t O
হাজার	h a j a r
লক্ষ	l o kkh O
কোটি	k O T i
প্রথম	pr O th O m
দ্বিতীয়	dw i t i y O
তৃতীয়	t ri t i y O
চতুর্থ	ch O t u r th O
পঞ্চম	p o nch O m
ষষ্ঠ	sh o shTh O
সপ্তম	sh o p t O m
অষ্টম	o shT O m
নবম	n o b O m
দশম	d o sh O m
কে	k e
কি	k i
কী	k i
কোথায়	k O th a y
কখন	k o kh O n
কেন	k E n O
কীভাবে	k i bh a b e
কত	k o t O
কার	k a r
কোনটা	k O n T a
রবিবার	r O b i b a r
সোমবার	sh O m b a r
মঙ্গলবার	m O ngg O l b a r
বুধবার	b u dh b a r
বৃহস্পতিবার	b ri h O sh p O t i b a r
শুক্রবার	sh u kr O b a r
শনিবার	sh O n i b a r
বৈশাখ	b oi sh a kh
জ্যৈষ্ঠ	j oi shTh O
আষাঢ়	a sh a r
শ্রাবণ	s r a b o n
ভাদ্র	bh a d r O
আশ্বিন	a sh sh i n
কার্তিক	k a r t i k
অগ্রহায়ণ	o gr O h a y o n
পৌষ	p ou sh
মাঘ	m a gh
ফাল্গুন	ph a l g u n
চৈত্র	ch oi tr O
খুশি	kh u sh i
দুঃখ	d u h kh O
রাগ	r a g
ভয়	bh o y
ভালোবাসা	bh a l O b a sh a
আনন্দ	a n O nd O
দুশ্চিন্তা	d u sh ch i nt a
লজ্জা	l o j j a
ইঞ্জিনিয়ার	i nj i n i y a r
ব্যবসায়ী	b A b o sh a y i
কৃষক	k ri sh o k
জেলে	j e l e
পুলিশ	p u l i sh
উকিল	u k i l
রাঁধুনি	r a~ dh u n i
দর্জি	d O r j i
চেয়ার	ch e y a r
টেবিল	T e b i l
খাট	kh a T
আলমারি	a l m a r i
দরজা	d o r j a
জানালা	j a n a l a
ছাদ	chh a d
দেয়াল	d e y a l
শাড়ি	sh a r i
পাঞ্জাবি	p a nj a b i
জামা	j a m a
প্যান্ট	p A n T
জুতা	j u t a
টুপি	T u p i
গাড়ি	g a r i
বাস	b a s
ট্রেন	T r e n
বিমান	b i m a n
নৌকা	n ou k a
রিকশা	r i k sh a
নদী	n O d i
পাহাড়	p a h a r
সাগর	sh a g O r
বন	b o n
মাটি	m a T i
আকাশ	a k a sh
চাঁদ	ch a~ d
সূর্য	sh u r j O
ধন্যবাদ	dh O n n O b a d
দুঃখিত	d u h kh i t O
শুভ সকাল	sh u bh O | sh o k a l
শুভ রাত্রি	sh u bh O | r a tr i
২৩	t e i sh
৬৭	sh a t sh O T T i
৩৪০৯	t i n | h a j a r | ch a r sh O | n o y
তিনি MBBS পাশ করেছেন	t i n i | e m | b i | b i | e s | p a sh | k O r e chh e n
সে HSC পরীক্ষা দিয়েছে	sh e | e i ch | e s | s i | p O r i kkh a | d i y e chh e
Engr. করিম আসবেন	i nj i n i y a r | k O r i m | a sh b e n
এস	e s
শ্বশুর	sh O sh u r
শাশুড়ি	sh a sh u r i
ভাসুর	bh a sh u r
ননদ	n o n O d
দেবর	d e b O r
জা	j a
ভাগ্নে	bh a g n e
ভাগ্নি	bh a g n i
ভাতিজা	bh a t i j a
ভাতিজি	bh a t i j i
খালা	kh a l a
চাচা	ch a ch a
চাচি	ch a ch i
মামা	m a m a
মামি	m a m i
ফুফু	ph u ph u
ফুফা	ph u ph a
শ্যালক	sh A l o k
শ্যালিকা	sh A l i k a
নাতি	n a t i
ফুটবল	ph u T b o l
ক্রিকেট	kr i k e T
দাবা	d a b a
ব্যাডমিন্টন	b A D m i n T o n
সাঁতার	sh a~ t a r
দৌড়	d ou r
ভলিবল	bh O l i b o l
হকি	h O k i
গান	g a n
নাচ	n a ch
নাটক	n a T o k
বাঁশি	b a~ sh i
তবলা	t o b l a
হারমোনিয়াম	h a r m O n i y a m
ঢোল	Dh O l
একতারা	E k t a r a
আম	a m
কাঁঠাল	k a~ Th a l
কলা	k o l a
আপেল	a p e l
আঙ্গুর	a ngg u r
তরমুজ	t O r m u j
পেঁপে	p E~ p e
লিচু	l i ch u
নারিকেল	n a r i k e l
খেজুর	kh e j u r
আলু	a l u
পেঁয়াজ	p e~ y a j
রসুন	r O sh u n
আদা	a d a
টমেটো	T o m e T O
বেগুন	b e g u n
করলা	k o r o l a
ফুলকপি	ph u l k o p i
বাঁধাকপি	b a~ dh a k o p i
শসা	sh o sh a
উত্তর	u tt O r
দক্ষিণ	d O kkh i n
পূর্ব	p u r b O
পশ্চিম	p O sh ch i m
ওপরে	O p O r e
নিচে	n i ch e
ডানে	D a n e
বামে	b a m e
সামনে	sh a m n e
পিছনে	p i chh O n e
বৃত্ত	b ri tt O
বর্গক্ষেত্র	b o r g O kkh e tr O
ত্রিভুজ	tr i bh u j
আয়তক্ষেত্র	a y O t O kkh e tr O
রেখা	r E kh a
কোণ	k O n
কাঠ	k a Th
লোহা	l O h a
পাথর	p a th O r
কাগজ	k a g O j
প্লাস্টিক	p l a s T i k
কাচ	k a ch
সোনা	sh O n a
রূপা	r u p a
তামা	t a m a
মসজিদ	m O sh j i d
মন্দির	m O nd i r
গির্জা	g i r j a
নামাজ	n a m a j
পূজা	p u j a
আল্লাহ	a l l a h
রোজা	r O j a
ঈদ	i d
কনুই	k O n u i
হাঁটু	h a~ T u
গোড়ালি	g O r a l i
কপাল	k o p a l
ভ্রু	bh r u
চুল	ch u l
দাঁত	d a~ t
জিহ্বা	j i b b a
নখ	n o kh
ঘাড়	gh a r
হাঁড়ি	h a~ r i
কড়াই	k o r a i
থালা	th a l a
বাটি	b a T i
গ্লাস	g l a s
চামচ	ch a m o ch
ছুরি	chh u r i
চুলা	ch u l a
বাতাস	b a t a sh
ঢেউ	Dh e u
সমুদ্র	sh O m u d r O
দ্বীপ	d i p
মরুভূমি	m O r u bh u m i
উপত্যকা	u p O t t o k a
হ্রদ	r o d
সপ্তাহ	sh o p t a h
মাস	m a sh
বছর	b o chh O r
শতাব্দী	sh o t a b d i
মুহূর্ত	m u h u r t O
ভোর	bh O r
গোধূলি	g O dh u l i
অংক	o ng k O
ইতিহাস	i t i h a sh
ভূগোল	bh u g O l
ব্যাকরণ	b A k o r o n
সাহিত্য	sh a h i t t O
দর্শন	d o r sh O n
অর্থনীতি	o r th O n i t i
ঈর্ষা	i r sh a
গর্ব	g o r b O
অহংকার	o h O ng k a r
উৎসাহ	u t sh a h O
হতাশা	h o t a sh a
বিরক্তি	b i r O kt i
কুৎসিত	k u t sh i t
লম্বা	l o mb a
খাটো	kh a T O
মোটা	m O T a
চিকন	ch i k o n
শক্ত	sh o kt O
নরম	n o r O m
পরিষ্কার	p O r i sh k a r
নোংরা	n O ng r a
বালিশ	b a l i sh
কম্বল	k o mb O l
পর্দা	p o r d a
আয়না	a y n a
ঘড়ি	gh O r i
নার্স	n a r s
সাংবাদিক	sh a ng b a d i k
লেখক	l e kh o k
শিল্পী	sh i l p i
নাপিত	n a p i t
কামার	k a m a r
কুমার	k u m a r
বিমানবন্দর	b i m a n b o n d O r
স্টেশন	s T e sh o n
টিকেট	T i k e T
পাসপোর্ট	p a s p O r T
ভ্রমণ	bh r o m O n
পর্যটক	p o r j o T o k
হ্যাঁ	h A~
না	n a
মন্দ	m o nd O
স্বাগতম	sh a g O t o m
বিদায়	b i d a y
এবং	e b O ng
কিন্তু	k i nt u
অথবা	o th O b a
যদি	j O d i
তাহলে	t a h o l e
কারণ	k a r O n
তাই	t a i
যেহেতু	j e h e t u
ব্যাগ	b A g
স্কেল	s k e l
রাবার	r a b a r
পেন্সিল	p e n s i l
চক	ch o k
বোর্ড	b O r D
টাকা	T a k a
পয়সা	p o y sh a
ব্যাংক	b A ng k
নোট	n O T
দাঁড়ানো	d a~ r a n O
বসা	b o sh a
শোয়া	sh O y a
হাঁটা	h a~ T a
দৌড়ানো	d ou r a n O
লাফানো	l a ph a n O
আকার	a k a r
ওজন	O j o n
উচ্চতা	u ch ch O t a
দৈর্ঘ্য	d oi r gh O
শব্দ	sh o b d O
ভাষা	bh a sh a
অক্ষর	o kkh O r
দয়া করে	d o y a | k O r e
মাফ করবেন	m a ph | k O r b e n
মক্কা	m o k k a
মগ্ন	m o g n O
ভগ্ন	bh o g n O
শঙ্কা	sh o ng k a
লঙ্কা	l o ng k a
শঙ্খ	sh o ng kh O
ইচ্ছা	i ch chh a
দণ্ড	d o n D O
উত্থান	u t th a n
যুদ্ধ	j u d dh O
বিশুদ্ধ	b i sh u d dh O
সিদ্ধ	sh i d dh O
গন্ডগোল	g o n D O g O l
নিম্ন	n i m n O
কল্প	k o l p O
অল্প	o l p O
গুল্ম	g u l m O
স্ফটিক	s ph o T i k
চিহ্ন	ch i n n O
ব্রাহ্মণ	br a m m O n
লক্ষ্মী	l O kkh i
পদ্ম	p o d d O
স্বাস্থ্য	sh a s th O
রাষ্ট্র	r a sh T r O
তত্ত্ব	t o t t O
ঐক্য	oi k k O
সংখ্যা	sh o ng kh a
যুক্তি	j u kt i
সন্দেহ	sh O nd e h O
গ্রন্থ	gr o n th O
লক্ষ্য	l o kkh O
বিশ্লেষণ	b i s l e sh o n
সমস্যা	sh o m O sh sh a
স্পর্শ	s p o r sh O
স্বপ্ন	sh o p n O
দৃষ্টি	d ri shT i
সৃষ্টি	s ri shT i
কৃষ্ণ	k ri shN O
ব্যবস্থা	b A b o sth a
প্রতিষ্ঠান	pr O t i shTh a n
উদ্দেশ্য	u d d e sh sh O
অন্ধ	o ndh O
সন্ধি	sh O ndh i
কক্ষ	k o kkh O
পক্ষ	p o kkh O
রক্ষা	r o kkh a
দক্ষ	d o kkh O
বক্তা	b o kt a
মন্ত্রী	m O n tr i
আমার নাম রহিম।	a m a r | n a m | r O h i m
তোমার নাম কী?	t O m a r | n a m | k i
আমি বাংলাদেশ থেকে এসেছি।	a m i | b a ng l a d e sh | th e k e | e sh e chh i
আপনার সাথে দেখা করে ভালো লাগলো।	a p n a r | sh a th e | d E kh a | k O r e | bh a l O | l a g l O
আমি ভালো আছি, তুমি কেমন আছ?	a m i | bh a l O | a chh i | t u m i | k E m o n | a chh o
তোমার বয়স কত?	t O m a r | b o y o sh | k o t O
আমি একজন ছাত্র।	a m i | E k j o n | chh a tr O
তুমি কোথা থেকে এসেছ?	t u m i | k O th a | th E k e | e sh e chh O
এটা আমার বন্ধু।	e T a | a m a r | b O ndh u
আমরা একসাথে পড়ি।	a m r a | E k sh a th e | p O r i
আমি প্রতিদিন সকালে উঠি।	a m i | pr O t i d i n | sh o k a l e | u Th i
আমি সকালে দাঁত মাজি।	a m i | sh o k a l e | d a~ t | m a j i
আমি নাস্তা করে স্কুলে যাই।	a m i | n a st a | k O r e | s k u l e | j a i
আমি বিকেলে খেলতে যাই।	a m i | b i k e l e | kh E l t e | j a i
আমি রাতে তাড়াতাড়ি ঘুমাই।	a m i | r a t e | t a r a t a r i | gh u m a i
আমি প্রতিদিন গোসল করি।	a m i | pr O t i d i n | g O s o l | k O r i
আমি সকালে হাঁটতে যাই।	a m i | sh o k a l e | h a~ T t e | j a i
আমি রাতের খাবার খেয়ে পড়তে বসি।	a m i | r a t e r | kh a b a r | kh e y e | p O r t e | b O sh i
আমি প্রতিদিন বই পড়ি।	a m i | pr O t i d i n | b O i | p O r i
আমি সপ্তাহে একদিন বিশ্রাম নিই।	a m i | sh o p t a h e | E k d i n | b i s r a m | n i i
আমার ভাই প্রতিদিন অফিসে যায়।	a m a r | bh a i | pr O t i d i n | o ph i s e | j a y
আমার বোন গান শেখে।	a m a r | b O n | g a n | sh e kh e
আমরা রবিবারে বাজারে যাই।	a m r a | r O b i b a r e | b a j a r e | j a i
সে প্রতিদিন দেরি করে ওঠে।	sh e | pr O t i d i n | d E r i | k O r e | O Th e
তুমি কয়টায় ঘুম থেকে ওঠ?	t u m i | k o y T a y | gh u m | th e k e | O Th O
তুমি কোথায় যাচ্ছ?	t u m i | k O th a y | j a ch chh O
তুমি কি ভাত খেয়েছ?	t u m i | k i | bh a t | kh e y e chh o
তোমার মোবাইল নম্বর কত?	t O m a r | m O b a i l | n o mb o r | k o t O
এখন কয়টা বাজে?	E kh O n | k o y T a | b a j e
তুমি কোন ক্লাসে পড়?	t u m i | k O n | kl a s e | p o r O
তুমি কেন কাঁদছ?	t u m i | k E n O | k a~ d chh O
এটা কার বই?	e T a | k a r | b O i
তুমি কি আমাকে সাহায্য করবে?	t u m i | k i | a m a k e | sh a h a j j O | k O r b e
আজ কী বার?	a j | k i | b a r
তোমার প্রিয় খাবার কী?	t O m a r | pr i y O | kh a b a r | k i
তুমি কবে ঢাকা যাবে?	t u m i | k o b e | Dh a k a | j a b e
এই রাস্তাটা কোথায় যায়?	e i | r a st a T a | k O th a y | j a y
তুমি কি বাংলা বুঝতে পার?	t u m i | k i | b a ng l a | b u jh t e | p a r O
আমরা কখন বের হব?	a m r a | k o kh O n | b e r | h o b O
তোমার বাসা কোথায়?	t O m a r | b a sh a | k O th a y
আজকে আবহাওয়া খুব সুন্দর।	a j k e | a b o h a O y a | kh u b | sh u nd O r
বৃষ্টি হচ্ছে, ছাতা নিয়ে যাও।	b ri shT i | h O ch chh e | chh a t a | n i y e | j a O
আজ খুব গরম পড়েছে।	a j | kh u b | g o r O m | p O r e chh e
শীতকালে খুব ঠান্ডা লাগে।	sh i t k a l e | kh u b | Th a n D a | l a g e
আকাশে অনেক মেঘ জমেছে।	a k a sh e | o n e k | m e gh | j O m e chh e
আজ রোদ উঠেছে।	a j | r O d | u Th e chh e
বাইরে খুব বাতাস বইছে।	b a i r e | kh u b | b a t a sh | b O i chh e
কাল ঝড় হতে পারে।	k a l | jh o r | h O t e | p a r e
গ্রীষ্মকালে খুব গরম পড়ে।	gr i sh sh o k a l e | kh u b | g o r O m | p o r e
বর্ষাকালে অনেক বৃষ্টি হয়।	b o r sh a k a l e | o n e k | b ri shT i | h o y
তার বাবা একজন ডাক্তার।	t a r | b a b a | E k j o n | D a kt a r
আমার মা রান্না করছেন।	a m a r | m a | r a nn a | k o r chh e n
আমাদের পরিবারে পাঁচজন সদস্য।	a m a d e r | p O r i b a r e | p a~ ch j o n | sh o d O sh sh O
আমার দাদা অনেক গল্প জানেন।	a m a r | d a d a | o n e k | g o l p O | j a n e n
আমার ছোট বোন স্কুলে যায়।	a m a r | chh O T O | b O n | s k u l e | j a y
আমার বড় ভাই বিদেশে থাকে।	a m a r | b o r O | bh a i | b i d e sh e | th a k e
আমরা সবাই একসাথে থাকি।	a m r a | sh o b a i | E k sh a th e | th a k i
আমার নানি খুব ভালো রান্না করেন।	a m a r | n a n i | kh u b | bh a l O | r a nn a | k o r e n
আমার চাচা ব্যবসা করেন।	a m a r | ch a ch a | b A b sh a | k o r e n
পরিবারের সবাই আজ বাসায় আছে।	p O r i b a r e r | sh o b a i | a j | b a sh a y | a chh e
আমাদের স্কুলে অনেক ছাত্র আছে।	a m a d e r | s k u l e | o n e k | chh a tr O | a chh e
আমি বাংলা ভাষা শিখছি।	a m i | b a ng l a | bh a sh a | sh i kh chh i
শিক্ষক আজ নতুন পাঠ পড়ালেন।	sh i kkh o k | a j | n O t u n | p a Th | p o r a l e n
আমার পরীক্ষা আগামীকাল।	a m a r | p O r i kkh a | a g a m i k a l
আমি প্রতিদিন হোমওয়ার্ক করি।	a m i | pr o t i d i n | h O m y a r k | k O r i
আমার স্কুলব্যাগ ভারী।	a m a r | s k u l b A g | bh a r i
ছাত্ররা মাঠে খেলছে।	chh a tr r a | m a Th e | kh E l chh e
আমাদের ক্লাস সকাল আটটায় শুরু হয়।	a m a d e r | kl a s | sh o k a l | a T T a y | sh u r u | h o y
আমি অংক ভালো পারি না।	a m i | o ng k O | bh a l O | p a r i | n a
শিক্ষক আমাদের গল্প বলেন।	sh i kkh o k | a m a d e r | g o l p O | b o l e n
আমার খুব খিদে পেয়েছে।	a m a r | kh u b | kh i d e | p e y e chh e
আমি ভাত আর মাছ খাই।	a m i | bh a t | a r | m a chh | kh a i
মা আজ ইলিশ মাছ রান্না করেছেন।	m a | a j | i l i sh | m a chh | r a nn a | k O r e chh e n
আমি মিষ্টি খেতে ভালোবাসি।	a m i | m i shT i | kh e t e | bh a l O b a sh i
আমার এই তরকারি পছন্দ না।	a m a r | e i | t o r k a r i | p o chh O nd O | n a
আমরা প্রতিদিন তিনবার খাই।	a m r a | pr o t i d i n | t i n b a r | kh a i
আজকে বাসায় বিরিয়ানি রান্না হয়েছে।	a j k e | b a sh a y | b i r i y a n i | r a nn a | h O y e chh e
আমি ঝাল খাবার পছন্দ করি।	a m i | jh a l | kh a b a r | p o chh O nd O | k O r i
তুমি কি চা খাবে?	t u m i | k i | ch a | kh a b e
রাতে হালকা খাবার খাওয়া ভালো।	r a t e | h a l k a | kh a b a r | kh a O y a | bh a l O
তার শরীর ভালো নেই।	t a r | sh O r i r | bh a l O | n e i
আমার মাথা ব্যথা করছে।	a m a r | m a th a | b A th a | k O r chh e
তুমি ডাক্তার দেখিয়েছ?	t u m i | D a kt a r | d e kh i y e chh O
আমার জ্বর হয়েছে।	a m a r | j o r | h O y e chh e
নিয়মিত ব্যায়াম করা ভালো।	n i y O m i t O | b A y a m | k o r a | bh a l O
সে হাসপাতালে ভর্তি হয়েছে।	sh e | h a sh p a t a l e | bh O r t i | h O y e chh e
ওষুধ সময়মতো খাওয়া দরকার।	O sh u dh | sh o m o y m O t O | kh a O y a | d o r k a r
আমার পেট ব্যথা করছে।	a m a r | p e T | b A th a | k O r chh e
তুমি পর্যাপ্ত ঘুমাও।	t u m i | p o r j a p t O | gh u m a O
সুস্থ থাকতে হলে ভালো খাবার খেতে হবে।	sh u sth O | th a k t e | h O l e | bh a l O | kh a b a r | kh e t e | h o b e
আমরা আগামীকাল বাজারে যাব।	a m r a | a g a m i k a l | b a j a r e | j a b O
আমি একটা নতুন গাড়ি কিনেছি।	a m i | E k T a | n O t u n | g a r i | k i n e chh i
সে গতকাল ঢাকা গিয়েছিল।	sh e | g o t O k a l | Dh a k a | g i y e chh i l O
আমরা বাসে করে স্কুলে যাই।	a m r a | b a s e | k O r e | s k u l e | j a i
টিকেটের দাম কত?	T i k e T e r | d a m | k o t O
আমি নতুন জামা কিনতে চাই।	a m i | n O t u n | j a m a | k i n t e | ch a i
আমরা ট্রেনে করে চট্টগ্রাম যাব।	a m r a | T r E n e | k O r e | ch o T T O g r a m | j a b O
বাজারে আজ অনেক ভিড়।	b a j a r e | a j | o n e k | bh i r
আমি দোকান থেকে কিছু কিনব।	a m i | d O k a n | th E k e | k i chh u | k i n b O
বিমানবন্দর এখান থেকে অনেক দূরে।	b i m a n b o n d O r | e kh a n | th e k e | o n e k | d u r e
আমি তোমাকে ভালোবাসি।	a m i | t O m a k e | bh a l O b a sh i
সে অনেক বুদ্ধিমান।	sh e | o n e k | b u d dh i m a n
আমি আজ খুব খুশি।	a m i | a j | kh u b | kh u sh i
তার কথা শুনে আমি অবাক হয়েছি।	t a r | k o th a | sh u n e | a m i | o b a k | h O y E chh i
আমি ভয় পাচ্ছি।	a m i | bh o y | p a ch chh i
তুমি রাগ করো না।	t u m i | r a g | k O r O | n a
আমি জানতাম তুমি আসবে।	a m i | j a n t a m | t u m i | a sh b e
যদি বৃষ্টি হয়, আমরা বাসায় থাকব।	j O d i | b ri shT i | h o y | a m r a | b a sh a y | th a k b O
আমি মনে করি এটা ঠিক।	a m i | m O n e | k O r i | e T a | Th i k
তুমি চেষ্টা করলে অবশ্যই পারবে।	t u m i | ch e shT a | k O r l e | o b O sh sh O i | p a r b e
সে বলল যে সে আসবে না।	sh e | b o l l O | j e | sh e | a sh b e | n a
আমি যখন ছোট ছিলাম, তখন এখানে থাকতাম।	a m i | j o kh O n | chh O T O | chh i l a m | t o kh O n | e kh a n e | th a k t a m
তুমি যদি আমাকে সাহায্য কর, আমি খুশি হব।	t u m i | j O d i | a m a k e | sh a h a j j o | k o r O | a m i | kh u sh i | h o b O
আমার মনে হয় আজ বৃষ্টি হবে।	a m a r | m O n e | h o y | a j | b ri shT i | h o b e
দয়া করে দরজা বন্ধ করো।	d o y a | k O r e | d o r j a | b o ndh O | k o r O
এখানে বসো।	e kh a n e | b o sh O
জোরে কথা বলো না।	j O r e | k o th a | b O l O | n a
তাড়াতাড়ি করো।	t a r a t a r i | k o r O
আস্তে চলো।	a st e | ch o l O
আমার দিকে তাকাও।	a m a r | d i k e | t a k a O
এই কাজটা করে দাও।	e i | k a j T a | k O r e | d a O
আলো নিভিয়ে দাও।	a l O | n i bh i y e | d a O
জানালা খুলে দাও।	j a n a l a | kh u l e | d a O
একটু অপেক্ষা করো।	e k T u | o p e kkh a | k o r O
সাবধানে যাও।	sh a b dh a n e | j a O
সময়ের কাজ সময়ে করা উচিত।	sh o m o y e r | k a j | sh o m o y e | k o r a | u ch i t
পরিশ্রম সাফল্যের চাবিকাঠি।	p O r i s r o m | sh a ph o l l e r | ch a b i k a Th i
সব ভালো তার শেষ ভালো যার।	sh o b | bh a l O | t a r | sh e sh | bh a l O | j a r
অতি লোভে তাঁতি নষ্ট।	O t i | l O bh e | t a~ t i | n o shT O
যেমন কর্ম তেমন ফল।	j E m o n | k o r m O | t E m o n | ph o l
নিজের পায়ে নিজে কুড়াল মারা।	n i j e r | p a y e | n i j e | k u r a l | m a r a
আপন ভালো পাগলেও বোঝে।	a p O n | bh a l O | p a g O l e O | b O jh e
চোরের মায়ের বড় গলা।	ch O r e r | m a y e r | b o r O | g o l a
একতাই বল।	E k O t a i | b o l
স্বাস্থ্যই সম্পদ।	sh a s th o i | sh o mp o d
সিদ্ধ ডিম খেতে ভালো লাগে।	sh i d dh O | D i m | kh e t e | bh a l O | l a g e
যুদ্ধ সবসময় ক্ষতিকর।	j u d dh O | sh o b sh o m o y | kkh O t i k o r
আমার স্বাস্থ্য ভালো না।	a m a r | sh a s th O | bh a l O | n a
আমি সমস্যায় পড়েছি।	a m i | sh o m O sh sh a y | p O r E chh i
তার দৃষ্টি অনেক তীক্ষ্ণ।	t a r | d ri shT i | o n e k | t i k h n O
আমাদের উদ্দেশ্য ভালো ছিল।	a m a d e r | u d d e sh sh O | bh a l O | chh i l o
সে অন্ধ হয়ে গেছে।	sh e | o ndh O | h O y e | g e chh e
আমি একটা গ্রন্থ পড়ছি।	a m i | E k T a | gr o n th O | p o r chh i
তোমার লক্ষ্য কী?	t O m a r | l o kkh O | k i
আমাদের দেশ স্বাধীন।	a m a d e r | d e sh | sh a dh i n
মন্ত্রী আজ ভাষণ দিলেন।	m O n t r i | a j | bh a sh O n | d i l e n
কৃষ্ণ রঙের গাড়ি সুন্দর।	k ri shN O | r o ng e r | g a r i | sh u nd O r
এই ফুলটা পদ্ম।	e i | ph u l T a | p o d d O
আমি একটা রাষ্ট্র সম্পর্কে পড়ছি।	a m i | E k T a | r a sh T r O | sh o mp O r k e | p O r chh i
তার কথায় আমি সন্দেহ করি।	t a r | k o th a y | a m i | sh o nd e h O | k O r i
প্রতিষ্ঠানটি অনেক পুরনো।	pr O t i shTh a n T i | o n e k | p u r O n O
নিঃশ্বাস নিতে কষ্ট হচ্ছে।	n i h sh sh a sh | n i t e | k o shT O | h O ch chh e
ব্যাস	b A sh
কাপ	k a p
ক্যাপ	k A p
বানিজ্য	b a n i j j O
জ্যান্ত	j A nt O
গ্রাহ্য	gr a j j O
অসহ্য	o sh O j jh O
সহ্য	sh o j jh O
গ্রাহ্যতা	gr a j j O t a
পহেলা বৈশাখ	p o h e l a | b oi sh a kh
ঈদুল ফিতর	i d u l | ph i t o r
ঈদুল আযহা	i d u l | a j h a
দুর্গাপূজা	d u r g a p u j a
বড়দিন	b o r O d i n
নববর্ষ	n o b O b o r sh O
মেলা	m E l a
সংস্কৃতি	sh o ng sh k ri t i
ঐতিহ্য	oi t i j j O
পোশাক	p O sh a k
কাটা	k a T a
ভাজা	bh a j a
মেশানো	m e sh a n O
ঢালা	Dh a l a
পরিবেশন	p O r i b e sh O n
গরম করা	g o r O m | k o r a
ধোয়া	dh O y a
কুচি	k u ch i
সেদ্ধ	sh e d dh O
মসলা	m o sh l a
কোম্পানি	k O mp a n i
চাকরি	ch a k r i
বেতন	b e t o n
মিটিং	m i T i ng
প্রকল্প	pr O k O l p O
গ্রাহক	gr a h O k
বিক্রয়	b i kr o y
বাজেট	b a j e T
কর্মচারী	k o r m O ch a r i
পদত্যাগ	p O d O t t a g
পরমাণু	p o r O m a n u
অণু	O n u
মহাকর্ষ	m o h a k o r sh O
গ্রহ	gr o h O
নক্ষত্র	n o kkh o tr O
বিবর্তন	b i b o r t O n
জীবাণু	j i b a n u
রাসায়নিক	r a sh a y O n i k
আবিষ্কার	a b i sh k a r
পরীক্ষাগার	p O r i kkh a g a r
সংগীত	sh O ng g i t
চিত্রকলা	ch i tr O k o l a
ভাস্কর্য	bh a sh k o r j O
কবিতা	k O b i t a
উপন্যাস	u p O n n a sh
চলচ্চিত্র	ch o l o ch ch i tr o
শিল্পকলা	sh i l p O k o l a
নৃত্য	n ri t t O
দ্রুত	d r u t O
ধীরে	dh i r e
সহজ	sh o h o j
কঠিন	k O Th i n
উজ্জ্বল	u j j o l
অন্ধকার	o ndh o k a r
শান্ত	sh a nt O
ব্যস্ত	b A st O
স্বাভাবিক	sh a bh a b i k
অস্বাভাবিক	o sh sh a bh a b i k
বনভূমি	b o n O bh u m i
জলপ্রপাত	j o l O pr O p a t
মহাসাগর	m o h a sh a g O r
দ্বীপপুঞ্জ	d i p p u nj O
আগ্নেয়গিরি	a g n e y O g i r i
ভূমিকম্প	bh u m i k o mp O
বজ্রপাত	b o j r O p a t
রংধনু	r o ng dh O n u
সফটওয়্যার	s o ph T O y A r
ওয়েবসাইট	O y e b s a i T
ডেটা	D E T a
নেটওয়ার্ক	n e T y a r k
প্রোগ্রাম	pr O gr a m
ডিজিটাল	D i j i T a l
ভার্চুয়াল	bh a r ch u y a l
পাসওয়ার্ড	p a s O y a r D
সরকার	sh o r k a r
আইন	a i n
নির্বাচন	n i r b a ch O n
সংবিধান	sh o ng b i dh a n
মন্ত্রণালয়	m o n tr O n a l O y
আদালত	a d a l o t
বিচারক	b i ch a r O k
নাগরিক	n a g O r i k
মাথায় হাত দেওয়া	m a th a y | h a t | d e O y a
মন ভালো করা	m o n | bh a l O | k o r a
সময় নষ্ট করা	sh o m o y | n o shT O | k o r a
চোখে পড়া	ch O kh e | p o r a
কান দেওয়া	k a n | d e O y a
হাত লাগানো	h a t | l a g a n O
মাথা ঘামানো	m a th a | gh a m a n O
মনে রাখা	m O n e | r a kh a
সমাধান	sh o m a dh a n
উদাহরণ	u d a h o r o n
পরিকল্পনা	p O r i k o l p O n a
সুযোগ	sh u j O g
চ্যালেঞ্জ	ch A l e nj
অভিজ্ঞতা	o bh i g g y o t a
যোগ্যতা	j O g g o t a
মূল্যবোধ	m u l l O b O dh
দায়িত্ব	d a y i tw O
সম্ভাবনা	sh o m bh a b o n a
তুই কোথায় যাস?	t u i | k O th a y | j a sh
তুই কি খেয়েছিস?	t u i | k i | kh e y e chh i sh
তুই আমার সাথে আয়।	t u i | a m a r | sh a th e | a y
তুই একটু বস।	t u i | e k T u | b o sh
তুই কেন কাঁদছিস?	t u i | k E n O | k a~ d chh i sh
তুই কি জানিস?	t u i | k i | j a n i sh
তুই ভালো আছিস তো?	t u i | bh a l O | a chh i sh | t O
তুই আমাকে ভুলে গেছিস?	t u i | a m a k e | bh u l e | g e chh i sh
তুই কবে আসবি?	t u i | k o b e | a sh b i
তুই এখন কী করছিস?	t u i | E kh O n | k i | k o r chh i sh
আপনি কেমন আছেন?	a p n i | k E m o n | a chh e n
আপনি কোথায় থাকেন?	a p n i | k O th a y | th a k e n
আপনি কি চা খাবেন?	a p n i | k i | ch a | kh a b e n
দয়া করে একটু বসুন।	d o y a | k O r e | e k T u | b O sh u n
আপনার নাম কী?	a p n a r | n a m | k i
আপনি কি আমাকে সাহায্য করবেন?	a p n i | k i | a m a k e | sh a h a j j O | k O r b e n
আপনি কখন আসবেন?	a p n i | k o kh O n | a sh b e n
আপনি কি এখানে নতুন?	a p n i | k i | e kh a n e | n O t u n
ধন্যবাদ, আপনি অনেক সাহায্য করেছেন।	dh O n n O b a d | a p n i | o n e k | sh a h a j j O | k O r e chh e n
আপনি কি ডাক্তার দেখিয়েছেন?	a p n i | k i | D a kt a r | d e kh i y e chh e n
একদিন এক কৃষক মাঠে কাজ করছিল।	E k d i n | E k | k ri sh o k | m a Th e | k a j | k o r chh i l O
সে অনেক দূর থেকে হেঁটে এসেছিল।	sh e | o n e k | d u r | th e k e | h e~ T e | e sh e chh i l O
রাতে আকাশে অসংখ্য তারা দেখা যাচ্ছিল।	r a t e | a k a sh e | o sh o ng kh O | t a r a | d E kh a | j a ch chh i l O
নদীর পাশে একটা পুরনো মন্দির ছিল।	n O d i r | p a sh e | E k T a | p u r O n O | m O nd i r | chh i l O
বৃষ্টি থামার পর রংধনু উঠল।	b ri shT i | th a m a r | p o r | r o ng dh O n u | u Th l O
শিশুটি মাঠে দৌড়ে খেলছিল।	sh i sh u T i | m a Th e | d ou r e | kh e l chh i l O
পাখিরা গাছের ডালে বসে গান গাইছিল।	p a kh i r a | g a chh e r | D a l e | b O sh e | g a n | g a i chh i l O
তারা সারাদিন কাজ করে ক্লান্ত হয়ে পড়েছিল।	t a r a | sh a r a d i n | k a j | k O r e | kl a nt O | h O y e | p O r E chh i l O
গ্রামের মানুষ সহজ জীবনযাপন করত।	gr a m e r | m a n u sh | sh o h O j | j i b o n j a p O n | k o r t O
সূর্য অস্ত যাওয়ার সময় আকাশ লাল হয়ে গেল।	sh u r j O | o st O | j a O y a r | sh o m o y | a k a sh | l a l | h O y e | g e l O
সে ধীরে ধীরে ঘরে ফিরে এলো।	sh e | dh i r e | dh i r e | gh o r e | ph i r e | e l O
বাচ্চারা নতুন বইয়ের গন্ধ পছন্দ করে।	b a ch ch a r a | n O t u n | b O i y e r | g o ndh O | p o chh O nd O | k o r e
শীতের সকালে কুয়াশা চারদিকে ছড়িয়ে ছিল।	sh i t e r | sh o k a l e | k u y a sh a | ch a r d i k e | chh O r i y e | chh i l O
তারা একসাথে অনেক পরিকল্পনা করেছিল।	t a r a | E k sh a th e | o n e k | p O r i k o l p O n a | k O r e chh i l O
গল্পটা শুনে সবাই অবাক হয়ে গেল।	g o l p O T a | sh u n e | sh o b a i | o b a k | h O y e | g e l O
আমাদের কোম্পানি নতুন প্রকল্প শুরু করেছে।	a m a d e r | k o mp a n i | n O t u n | pr O k O l p O | sh u r u | k O r e chh e
তার বেতন এই মাসে বেড়েছে।	t a r | b e t O n | e i | m a sh e | b e r e chh e
মিটিংটা আগামীকাল দুপুরে হবে।	m i T i ng T a | a g a m i k a l | d u p u r e | h o b e
আমরা একটা নতুন ওয়েবসাইট তৈরি করছি।	a m r a | E k T a | n O t u n | O y e b s a i T | t oi r i | k O r chh i
তোমার পাসওয়ার্ড মনে আছে?	t O m a r | p a s O y a r D | m O n e | a chh e
এই সফটওয়্যারটা ব্যবহার করা সহজ।	e i | s o ph T y A r T a | b A b O h a r | k o r a | sh o h O j
আমাদের বাজেট সীমিত।	a m a d e r | b a j e T | sh i m i t O
গ্রাহকরা আমাদের সেবায় সন্তুষ্ট।	gr a h O k r a | a m a d e r | sh e b a y | sh o nt u shT O
প্রযুক্তি প্রতিদিন পরিবর্তিত হচ্ছে।	pr O j u kt i | pr O t i d i n | p O r i b O r t i t O| h O ch chh e
তার চাকরি হারানোর ভয় আছে।	t a r | ch a k r i | h a r a n O r | bh o y | a chh e
তার কথা শুনে আমার মাথায় হাত পড়ল।	t a r | k o th a | sh u n e | a m a r | m a th a y | h a t | p O r l O
গান শুনে তার মন ভালো হয়ে গেল।	g a n | sh u n e | t a r | m o n | bh a l O | h O y e | g e l O
এভাবে সময় নষ্ট কোরো না।	e bh a b e | sh o m o y | n o shT O | k O r O | n a
জিনিসটা হঠাৎ চোখে পড়ল।	j i n i sh T a | h o Th a t | ch O kh e | p o r l o
আমার কথায় একটু কান দাও।	a m a r | k o th a y | e k T u | k a n | d a O
সবাই মিলে কাজে হাত লাগাল।	sh o b a i | m i l e | k a j e | h a t | l a g a l O
এটা নিয়ে বেশি মাথা ঘামিও না।	e T a | n i y e | b E sh i | m a th a | gh a m i O | n a
এই কথাটা মনে রেখো।	e i | k o th a T a | m O n e | r E kh O
বিজ্ঞানীরা নতুন একটি গ্রহ আবিষ্কার করেছেন।	b i g g y a n i r a | n O t u n | e k T i | gr o h O | a b i sh k a r | k O r e chh e n
পরমাণু অত্যন্ত ক্ষুদ্র একটি কণা।	p o r O m a n u | o t t O nt O | kkh u d r O | e k T i | k o n a
জীবাণু খালি চোখে দেখা যায় না।	j i b a n u | kh a l i | ch O kh e | d E kh a | j a y | n a
আমরা পরীক্ষাগারে নতুন পরীক্ষা করছি।	a m r a | p O r i kkh a g a r e | n O t u n | p O r i kkh a | k O r chh i
বিবর্তনের ধারণা বিজ্ঞানে গুরুত্বপূর্ণ।	b i b o r t O n e r | dh a r O n a | b i g g y a n e | g u r u tw p u r n O
শিক্ষার্থীরা মহাকাশ নিয়ে আগ্রহী।	sh i kkh a r th i r a | m o h a k a sh | n i y e | a gr O h i
রাসায়নিক পদার্থ সাবধানে ব্যবহার করতে হয়।	r a sh a y O n i k | p o d a r th O | sh a b dh a n e | b A b O h a r | k O r t e | h o y
নক্ষত্রেরা রাতের আকাশে জ্বলজ্বল করে।	n o kkh tr e r a | r a t e r | a k a sh e | j o l j o l | k o r e
এই আবিষ্কার বিজ্ঞানের জগতে নতুন দরজা খুলে দিয়েছে।	e i | a b i sh k a r | b i g g y a n e r | j o g O t e | n O t u n | d o r j a | kh u l e | d i y e chh e
মহাকর্ষ বলের কারণে জিনিস মাটিতে পড়ে।	m o h a k o r sh O | b o l e r | k a r O n e | j i n i sh | m a T i t e | p o r e
মরা	m o r a
বলতে	b O l t e
করতে	k O r t e
ধরতে	dh O r t e
দেবতা	d e b O t a
দেশ	d e sh
খেলা	kh E l a
কেমন	k E m o n
প্রজাপতি	pr O j a p O t i
মাকড়সা	m a k O r sh a
কচ্ছপ	k o ch chh O p
ভিতরে	bh i t O r e
স্ক্যানার	s k A n a r
ভ্যান	bh A n
স্থপতি	sth o p O t i
মাংসপেশি	m a ng sh O p e sh i
আর্দ্রতা	a d r O t a
নগদ	n o g O d
কেঁচো	k e~ ch O
পরে	p o r e
লঞ্চ	l o nch
স্রোত	s r O t
মশা	m o sh a
মাছি	m a chh i
পিঁপড়া	p i~ p r a
মৌমাছি	m ou m a chh i
তেলাপোকা	t e l a p O k a
জোনাকি	j O n a k i
শামুক	sh a m u k
চাষ	ch a sh
কৃষি	k ri sh i
ফসল	ph o sh O l
ধান	dh a n
গম	g o m
লাঙল	l a ng O l
সেচ	sh e ch
সার	sh a r
বীজ	b i j
খামার	kh a m a r
হাতুড়ি	h a t u r i
করাত	k o r a t
পেরেক	p e r e k
সুই	sh u i
সুতা	sh u t a
কাঁচি	k a~ ch i
দড়ি	d O r i
বালতি	b a l t i
ঝাড়ু	jh a r u
তোয়ালে	t O y a l e
সাবান	sh a b a n
শ্যাম্পু	sh A mp u
চিরুনি	ch i r u n i
ব্রাশ	br a sh
আতর	a t o r
পুকুর	p u k u r
ইলিশ	i l i sh
কাঁকড়া	k a~ k r a
চিংড়ি	ch i ng r i
ব্যাঙ	b A ng
বাইরে	b a i r e
মাঝে	m a jh e
পাশে	p a sh e
কাছে	k a chh e
দূরে	d u r e
আগে	a g e
কালি	k a l i
ফাইল	ph a i l
প্রিন্টার	pr i n T a r
আরে	a r e
বাহ	b a h
আহা	a h a
উফ	u ph
ছি	chh i
আচ্ছা	a ch chh a
হায়	h a y
গাছ	g a chh
পাতা	p a t a
শিকড়	sh i k o r
ফুল	ph u l
কুঁড়ি	k u~ r i
বাগান	b a g a n
অটোরিকশা	o T O r i k sh a
ফেরি	ph e r i
জাহাজ	j a h a j
ট্রাক	T r a k
তাঁতি	t a~ t i
ওয়েটার	O y e T a r
মুদ্রা	m u d r a
বাকি	b a k i
খুচরা	kh u ch r a
দোকানদার	d O k a n d a r
হাড়	h a r
শিরা	sh i r a
মস্তিষ্ক	m O st i sh k O
ফুসফুস	ph u sh ph u sh
কিডনি	k i D n i
কুয়াশা	k u y a sh a
শিলাবৃষ্টি	sh i l a b ri shT i
খসখসে	kh o sh kh o sh e
স্ট্যান্ড	s T A n d
টুর্নামেন্ট	T u r n a m e n T
বাদ্যযন্ত্র	b a d d O j o n t r O
অর্কেস্ট্রা	o r k e s T r a
কনসার্ট	k o n s a r T
কখনো কখনো	k o kh O n O | k o kh O n O
অবশেষে	o b O sh e sh e
সুতরাং	sh u t O r a ng
পুত্রবধূ	p u tr O b O dh u
বিচারপতি	b i ch a r p O t i
লাইসেন্স	l a i s e n s
সমভূমি	sh o m O bh u m i
পর্বতমালা	p o r b O t m a l a
হিমবাহ	h i m b a h O
অববাহিকা	o b O b a h i k a
পাললিক	p a l O l i k
মালনদী	m a l n O d i
পার্স	p a r s
কতটুকু	k o t O T u k u
মসৃণ	m o s ri n
ঘন	gh o n O
সিংহ	sh i ng h O
শেলফ	sh e l ph
শতাংশ	sh o t a ng sh O
আয়তন	a y O t O n
সবসময়	sh o b sh o m o y
অতএব	o t O e b
বরং	b o r O ng
অন্যথায়	o n n O th a y
অথচ	o th O ch O
বৈমাত্রেয়	b oi m a tr e y O
বোতল	b O t O l
বদ্বীপ	b o dw i p
পয়েন্ট	p o y e n T
পরিচয়পত্র	p O r i ch o y p o tr O
দুর্বলতা	d u r b o l O t a
অস্থিরতা	o sth i r o t a
ক্ষুধামন্দা	kkh u dh a m o nd a
ঘড়ির কাঁটা	gh O r i | k a~ T a
আত্মবিশ্বাস	a t t O b i sh sh a sh
খেলোয়াড়	kh E l O y a r
শেখা	sh e kh a
চেষ্টা করা	ch e shT a | k o r a
লবঙ্গ	l o b O ngg O
জেব্রা	j e br a
একাকীত্ব	E k a k i tw O
প্রশান্তি	pr O sh a nt i
দূরত্ব	d u r O tw O
প্রতিযোগিতা	pr O t i j O g i t a
একেবারে	E k e b a r e
মাথা নত করা	m a th a | n o t O | k o r a
শ্বশুরবাড়ি	sh O sh u r b a r i
দেয়ালঘড়ি	d e y a l gh O r i
প্রশিক্ষক	pr O sh i kkh o k
ফলে	ph o l e
অনুশোচনা	o n u sh O ch O n a
ঈর্ষান্বিত	i r sh a n n i t O
বজ্রবৃষ্টি	b o j r O b ri shT i
জলোচ্ছ্বাস	j o l O ch chh a sh
সার্চ	s a r ch
প্যাথলজিস্ট	p A th O l O j i s T
ড্র	D r o
প্রতিদ্বন্দ্বী	pr o t i dw n d i
পুনর্ব্যবহার	p u n o r b E b O h a r
জলবায়ু	j o l O b a y u
শোকসভা	sh O k sh o bh a
পুনর্মিলনী	p u n O r m i l n i
বিশেষ্য	b i sh e sh sh O
পণ্য	p O n n O
সরবরাহ	sh o r b o r a h O
বাজারজাতকরণ	b a j a r j a t k o r O n
সিগন্যাল	s i g n a l
দুর্ঘটনা	d u r gh o T O n a
স্ট্যাম্প	s T A mp
ব্রেসলেট	br e s l e T
অক্টোপাস	o k T O p a s
ছাগলছানা	chh a g o l chh a n a
উপবাস	u p O b a sh
ধর্মগ্রন্থ	dh o r m O gr O n th O
সন্ন্যাসী	sh o n n a sh i
চমকে ওঠা	ch O m k e | O Th a
সাহসী	sh a h O sh i
আগ্রহী	a gr O h i
সংসদ	sh o ng sh O d
সার্জন	s a r j o n
ফার্মাসিস্ট	ph a r m a s i s T
দন্তচিকিৎসক	d o nt O ch i k i t sh o k
দর্শক	d o r sh O k
জন্মদিন	j o n m O d i n
অন্নপ্রাশন	o nn O pr a sh o n
সংবর্ধনা	sh o ng b o r dh O n a
সর্বনাম	sh o r b O n a m
একাধিক	E k a dh i k
অসংখ্য	o sh O ng kh O
সন্ধ্যাবেলা	sh O n dh a b e l a
পরের সপ্তাহ	p o r e r | sh o p t a h O
গত মাস	g o t O | m a sh
মহাসড়ক	m o h a sh o r o k
চালক	ch a l O k
বিস্ময়	b i sh sh o y
স্কার্ফ	s k a r ph
চিত্রকর	ch i tr O k o r
হস্তশিল্প	h o st O sh i l p O
প্রবাল	pr O b a l
বেসিন	b e s i n
টিস্যু	T i sh u
তোশক	t O sh O k
অলস	o l O sh
বেল্ট	b e l T
প্রার্থনা	pr a r th O n a
তীর্থযাত্রা	t i r th O j a tr a
পরিশ্রমী	p O r i s r O m i
শেখানো	sh e kh a n O
হারানো	h a r a n O
খোঁজা	kh O~ j a
লুকানো	l u k a n O
ধরা পড়া	dh o r a | p o r a
পালানো	p a l a n O
চিৎকার করা	ch i t k a r | k o r a
হাসানো	h a sh a n O
কাঁদানো	k a~ d a n O
ফেলা	ph E l a
তোলা	t O l a
ভাঙা	bh a ng a
জোড়া লাগানো	j O r a | l a g a n O
পাতলা	p a t l a
ম্লান	m l a n
স্বচ্ছ	sh o ch chh O
তীক্ষ্ণ	t i k h n O
ভোঁতা	bh O~ t a
হলুদ গুঁড়া	h O l u d | g u~ r a
মরিচ	m O r i ch
জিরা	j i r a
ধনে	dh O n e
এলাচ	e l a ch
দারুচিনি	d a r u ch i n i
তেজপাতা	t e j p a t a
আদা রসুন	a d a | r O sh u n
চিনি	ch i n i
গুড়	g u r
ময়দা	m o y d a
কাক	k a k
কোকিল	k O k i l
চড়ুই	ch O r u i
শালিক	sh a l i k
ময়না	m o y n a
টিয়া	T i y a
বাজপাখি	b a j p a kh i
পেঁচা	p E~ ch a
হাঁস	h a~ sh
হরিণ	h O r i n
বানর	b a n O r
শিয়াল	sh i y a l
ভালুক	bh a l u k
জিরাফ	j i r a ph
নেকড়ে	n e k r e
কাঠবিড়ালি	k a Th b i r a l i
দোলনা	d O l n a
আলনা	a l n a
জানালার পর্দা	j a n a l a r | p o r d a
ড্রয়ার	D r o y a r
ওয়ারড্রোব	O y a r D r O b
লুঙ্গি	l u ngg i
গামছা	g a m chh a
ওড়না	O r n a
হিজাব	h i j a b
মোজা	m O j a
চশমা	ch o sh m a
জ্বর আসা	j o r | a sh a
মাথা ঘোরা	m a th a | gh O r a
বমি বমি ভাব	b O m i | b O m i | bh a b
শ্বাসকষ্ট	sh a sh k o shT O
অনিদ্রা	o n i d r a
চুলকানি	ch u l k a n i
ফোলা	ph O l a
উদ্বেগ	u dw e g
স্বস্তি	sh O st i
কৌতূহল	k ou t u h o l
শান্তি	sh a nt i
যোগ	j O g
বিয়োগ	b i y O g
গুণ	g u n
ভাগ	bh a g
গড়	g o r
পরিমাপ	p O r i m a p
গোল	g O l
চ্যাম্পিয়ন	ch A mp i y o n
মাঠ	m a Th
সুর	sh u r
তাল	t a l
গায়ক	g a y o k
গায়িকা	g a y i k a
সংগীতশিল্পী	sh O ng g i t sh i l p i
ধীরে ধীরে	dh i r e | dh i r e
হঠাৎ	h o Th a t
প্রায়	pr a y
সত্যিই	sh O t t i i
নিশ্চয়ই	n i sh ch y O i
হয়তো	h o y t O
যদিও	j O d i O
তবুও	t O b u O
গোলাপি	g O l a p i
বেগুনি রং	b e g u n i | r O ng
আকাশি	a k a sh i
ধূসর	dh u sh o r
সোনালি	sh O n a l i
রূপালি	r u p a l i
কমলা রং	k o m l a | r O ng
হালকা নীল	h a l k a | n i l
জামাই	j a m a i
নাতনি	n a t n i
সৎভাই	sh o t bh a i
সৎবোন	sh o t b O n
মাথা নাড়া	m a th a | n a r a
হাত নাড়া	h a t | n a r a
চোখ মারা	ch O kh | m a r a
কাঁধ ঝাঁকানো	k a~ dh | jh a~ k a n O
আঙুল দেখানো	a ng u l | d e kh a n O
আইনজীবী	a i n j i b i
সাক্ষী	sh a kkh i
অভিযোগ	o bh i j O g
জামিন	j a m i n
চুক্তি	ch u kt i
ঝুড়ি	jh u r i
কৌটা	k ou T a
ছাতা	chh a t a
মোমবাতি	m O m b a t i
দেশলাই	d e sh l a i
টর্চলাইট	T o r ch l a i T
ব্যাটারি	b A T a r i
তালা	t a l a
জলাভূমি	j o l a bh u m i
চাবি	ch a b i
ছবি	chh O b i
ফ্রেম	ph r e m
সিঁড়ি	sh i~ r i
বারান্দা	b a r a nd a
কোনটি	k O n T i
কাদের	k a d e r
কোথাকার	k O th a k a r
কীসের	k i sh e r
কয়টি	k o y T i
রান্না করা	r a nn a | k o r a
ভাজা করা	bh a j a | k o r a
সেদ্ধ করা	sh e d dh O | k o r a
পোড়ানো	p O r a n O
কুচি করা	k u ch i | k o r a
ঢাকা দেওয়া	Dh a k a | d e O y a
ঠান্ডা করা	Th a n D a | k o r a
পরিবেশন করা	p O r i b e sh o n | k o r a
মসলা দেওয়া	m o sh l a | d e O y a
মায়া	m a y a
ঘৃণা	gh ri n a
আফসোস	a ph sh O sh
আগ্রহ	a gr o h
লজ্জাবোধ	l o j j a b O dh
সহানুভূতি	sh o h a n u bh u t i
নিরাশা	n i r a sh a
টর্নেডো	T O r n e D O
ঘূর্ণিঝড়	gh u r n i jh o r
খরা	kh o r a
তুষারপাত	t u sh a r p a t
রোদেলা	r O d e l a
মেঘলা	m e gh l a
বাদল	b a d O l
ভোট	bh O T
প্রার্থী	pr a r th i
দল	d o l
নীতি	n i t i
প্রশাসন	pr o sh a sh O n
কূটনীতি	k u T n i t i
হিসাব	h i sh a b
জমা	j o m a
উত্তোলন	u tt O l o n
সুদ	sh u d
ঋণ	ri n
বিনিয়োগ	b i n i y O g
শেয়ার	sh e y a r
মুনাফা	m u n a ph a
লোকসান	l O k sh a n
ইমেইল	i m e i l
ডাউনলোড	D a u n l O D
আপলোড	a p l O D
চিকিৎসক	ch i k i t sh o k
মনোবিজ্ঞানী	m o n O b i g g y a n i
ধাত্রী	dh a tr i
স্টেডিয়াম	s T e D i y a m
রেফারি	r e ph a r i
জয়	j o y
পরাজয়	p o r a j o y
অনুশীলন	o n u sh i l o n
কোচ	k O ch
জার্সি	j a r s i
পরিবেশ	p O r i b e sh
দূষণ	d u sh o n
বাস্তুতন্ত্র	b a st u t o n t r O
বনায়ন	b o n a y O n
সংরক্ষণ	sh o ng r o kkh o n
প্রাকৃতিক	pr a k ri t i k
টেকসই	T e k sh O i
বিয়ে	b i y e
বাগদান	b a g d a n
বিশেষণ	b i sh e sh o n
ক্রিয়া	kr i y a
বাক্য	b a k k O
অনুবাদ	o n u b a d
উচ্চারণ	u ch ch a r o n
বানান	b a n a n
অর্ধেক	o r dh e k
সিকি	sh i k i
পৌনে	p ou n e
সাড়ে	sh a r e
কমবেশি	k o m b e sh i
কয়েকটি	k O y e k T i
সকালবেলা	sh o k a l b e l a
দুপুরবেলা	d u p u r b e l a
মধ্যরাত	m o dh y r a t
প্রত্যুষ	pr o t t u sh
গোধূলিবেলা	g O dh u l i b e l a
আগামী বছর	a g a m i | b o chh O r
আকাশ কুসুম	a k a sh | k u sh u m
চোখের বালি	ch O kh e r | b a l i
হাতেনাতে	h a t e n a t e
মাথায় আকাশ ভেঙে পড়া	m a th a y | a k a sh | bh e ng e | p o r a
চোখে সরষে ফুল দেখা	ch O kh e | sh o r sh e | ph u l | d E kh a
ব্যবসা	b A b sh a
চাহিদা	ch a h i d a
শাখা	sh a kh a
মালিক	m a l i k
ট্রাফিক	T r a ph i k
ফুটপাত	ph u T p a t
গতিরোধক	g O t i r O dh o k
জ্যাম	j A m
ডাক	D a k
খাম	kh a m
চিঠি	ch i Th i
পার্সেল	p a r s e l
ঠিকানা	Th i k a n a
পোস্টকোড	p O s T k O D
বার্তা	b a r t a
গয়না	g o y n a
দুল	d u l
আংটি	a ng T i
হার	h a r
চুড়ি	ch u r i
বুনন	b u n o n
সেলাই	sh e l a i
নকশা	n o k sh a
কারুকাজ	k a r u k a j
তিমি	t i m i
হাঙর	h a ng O r
জেলিফিশ	j e l i ph i sh
শৈবাল	sh oi b a l
মহিষ	m O h i sh
ভেড়া	bh E r a
গাধা	g a dh a
উট	u T
শূকর	sh u k o r
ফ্রিজ	ph r i j
ওভেন	O bh e n
মাইক্রোওয়েভ	m a i kr O O y e bh
ব্লেন্ডার	bl e n D a r
টোস্টার	T O s T a r
কেটলি	k e T l i
প্রেসার কুকার	pr e sh a r | k u k a r
কল	k o l
শাওয়ার	sh a O y a r
টয়লেট	T o y l e T
পুরোহিত	p u r O h i t
ইমাম	i m a m
চাদর	ch a d O r
মশারি	m o sh a r i
লেপ	l e p
হ্যাঙ্গার	h A ngg a r
ঝাঁপ দেওয়া	jh a~ p | d e O y a
হেলান দেওয়া	h e l a n | d e O y a
গুনগুন করা	g u n g u n | k o r a
আওয়াজ করা	a O y a j | k o r a
হেঁচকি তোলা	h e~ ch k i | t O l a
হাই তোলা	h a i | t O l a
ভীতু	bh i t u
চতুর	ch O t u r
বোকা	b O k a
উদার	u d a r
কৃপণ	k ri p o n
ফড়িং	ph O r i ng
উইপোকা	u i p O k a
ঘুণপোকা	gh u n p O k a
গুবরে পোকা	g u b r e | p O k a
চিত্রনাট্য	ch i tr O n a T T O
পুরস্কার	p u r O sh k a r
লেন্স	l e n s	loanword
ফ্ল্যাশ	ph l A sh	loanword
অ্যালবাম	A l b a m	loanword
এক্সপোজার	e k s p O j a r	loanword
মসলিন	m o s l i n	loanword
রসগোল্লা	r o sh O g O l l a
হৃদরোগ	ri d r O g
ক্যান্সার	k A n s a r	loanword
আর্থ্রাইটিস	a r th r a i T i s	loanword
স্মৃতি	s ri t i       
স্মরণ	sh o r O n
স্মারক	sh a r O k
স্মিত	s m i t O
স্পষ্ট	s p o shT o
সালোকসংশ্লেষণ	sh a l O k sh o ng s l e sh o n
বংশগতি	b o ng sh O g O t i
সিমকার্ড	s i m k a r D	loanword
ব্যালেন্স	b A l e n s	loanword
ব্যাটসম্যান	b A T s m A n	loanword
গায়েহলুদ	g a y e h O l u d
অপরাধী	o p O r a dh i
রাজমিস্ত্রি	r a j m i s t r i
ডিটারজেন্ট	D i T a r j e n T	loanword
গ্লাভস	g l a bh s	loanword
জলহস্তী	j o l O h O s t i
দোলনচাঁপা	d O l O n ch a~ p a
ভ্যাট	bh A T	loanword
আর্দ্রতামাপক	a r d r O t a m a p o k
উৎকণ্ঠা	u t k o n Th a
মমতা	m o m O t a
লাইফজ্যাকেট	l a i ph j A k e T	loanword
ইস্ত্রি	i s t r i
সাংবাদিকতা	sh a ng b a d i k o t a
সম্পাদকীয়	sh o mp a d O k i y O
তসবিহ	t o s b i h	loanword
অ্যাম্বুলেন্স	A mb u l e n s	loanword
প্রাথমিক	pr a th O m i k
উদ্ধারকর্মী	u d dh a r k O r m i
লালনপালন	l a l O n p a l O n
হুইলচেয়ার	u i l ch e y a r	loanword
সময়সূচি	sh o m o y sh u ch i
আসলে	a sh O l e
নমনীয়	n o m O n i y O
নির্ভরশীল	n i r bh o r sh i l
বিনয়ী	b i n O y i
ফোকাস	ph O k a s	loanword
সন্দেশ	sh o nd e sh
ডায়াবেটিস	D a y a b e T i s	loanword
গর্জন	g o r j O n
কলরব	k o l O r o b
শব্দহীন	sh o b d O h i n
উপগ্রহ	u p O gr o h O
কক্ষপথ	k o kkh O p o th
সেন্টিমিটার	s e n T i m i T a r	loanword
মৌল	m ou l O
যৌগ	j ou g O
দ্রবণ	d r O b O n
অ্যাসিড	A s i D	loanword
ঘর্ষণ	gh o r sh O n
শোষণ	sh o sh O n
মেসেজ	m e s e j	loanword
মিসড	m i s D	loanword
পোস্ট	p O s T	loanword
ইনিংস	i n i ng s	loanword
সিমেন্ট	s i m e n T	loanword
সেমিস্টার	s e m i s T a r	loanword
থিসিস	th i s i s	loanword
ক্যাম্পাস	k A mp a s	loanword
রিসেপশন	r i s e p sh o n	loanword
স্পঞ্জ	s p o nj	loanword
জীবাণুনাশক	j i b a n u n a sh O k
অজগর	o j O g O r
অনুতাপ	O n u t a p
বিরহ	b i r o h O
কম্পাস	k o mp a s	loanword
শ্রমিক	s r O m i k
মুদ্রণ	m u d r O n
প্রকাশক	pr O k a sh O k
সম্পাদক	sh o mp a d O k
প্রচ্ছদ	pr O ch chh o d
সংস্করণ	sh o ng sh k o r O n
পাস	p a s	loanword
কাস্টমস	k a s T O m s	loanword
সংবাদপত্র	sh o ng b a d p o tr O
প্রতিবেদন	pr O t i b e d o n
প্রদীপ	pr O d i p
অগ্নিনির্বাপক	O g n i n i r b a p o k
শর্ট সার্কিট	sh o r T | s a r k i T	loanword
বলব	b O l b O
অভিনেতা	O bh i n e t a
অভিনেত্রী	O bh i n e tr i
দৃশ্য	d ri sh sh O
কফি	k o ph i	loanword
অ্যালার্জি	A l a r j i	loanword
গ্রহাণু	gr O h a n u
আমেরিকা	A m e r i k a	loanword
পাউন্ড	p a u n D	loanword
অভিকর্ষ	O bh i k o r sh O
তরঙ্গ	t o r O ngg O
চুম্বকত্ব	ch u mb O k o tw O
কমেন্ট	k o m e n T	loanword
তদন্ত	t o d O nt O
অ্যালোভেরা	A l O bh e r a	loanword
কৃতজ্ঞতা	k ri t o g g o t a
স্বস্তিবোধ	sh O st i b O dh
উচ্চ রক্তচাপ	u ch ch O | r o kt O ch a p
প্রাথমিক চিকিৎসা	pr a th O m i k | ch i k i t sh a
বোর্ডিং পাস	b O r D i ng | p a s
কী বলব	k i | b O l b O
পরিচালক	p O r i ch a l o k
প্রযোজক	pr o j O j o k
সংলাপ	sh o ng l a p
প্রিমিয়ার	pr i m i y a r
টিকিট কাউন্টার	T i k i T | k a u n T a r
ক্যামেরা	k A m e r a
ফটোগ্রাফার	ph o T O gr a ph a r
ফ্রেমিং	ph r e m i ng
সুতি	sh u t i
রেশম	r e sh o m
পশম	p o sh O m
জর্জেট	j O r j e T
খদ্দর	kh o d d o r
তাঁত	t a~ t
ভুট্টা	bh u T T a
যব	j o b
বাজরা	b a j r a
জোয়ার	j O y a r
ছোলা	chh O l a
মসুর ডাল	m O sh u r | D a l
দই	d O i
মাখন	m a kh O n
পনির	p O n i r
ঘি	gh i
ছানা	chh a n a
ক্রিম	kr i m
শরবত	sh o r b o t
চিনি ছাড়া চা	ch i n i | chh a r a | ch a
ডাবের পানি	D a b e r | p a n i
আখের রস	a kh e r | r o sh
জিলাপি	j i l a p i
হালুয়া	h a l u y a
পায়েস	p a y e sh
মিষ্টি দই	m i shT i | d O i
পিঠা	p i Th a
হাঁপানি	h a~ p a n i
মাইগ্রেন	m a i gr e n
চিৎকার	ch i t k a r
গুঞ্জন	g u nj o n
ছায়াপথ	chh a y a p o th
নভোযান	n o bh O j a n
মহাকাশচারী	m o h a k a sh ch a r i
ধূমকেতু	dh u m k e t u
ভারত	bh a r o t
পাকিস্তান	p a k i st a n
নেপাল	n e p a l
চীন	ch i n
ইউরোপ	i u r O p
আফ্রিকা	a ph r i k a
এশিয়া	e sh i y a
বাঙালি	b a ng a l i
ইংরেজ	i ng r e j
আরবি ভাষা	a r b i | bh a sh a
হিন্দি ভাষা	h i nd i | bh a sh a
চীনা ভাষা	ch i n a | bh a sh a
জাপানি ভাষা	j a p a n i | bh a sh a
ডলার	D o l a r
ইউরো	i u r O
রুপি	r u p i
ইয়েন	i y e n
দিরহাম	d i r h a m
কিলোমিটার	k i l O m i T a r
মিটার	m i T a r
গ্রাম	gr a m
লিটার	l i T a r
ডিগ্রি	D i gr i
বিক্রিয়া	b i kr i y a
ক্ষার	kkh a r
বল	b o l
ভরবেগ	bh o r b e g
কোষ	k O sh
জিন	j i n
ক্রোমোজোম	kr O m O j O m
শ্বসন	sh o sh o n
চার্জার	ch a r j a r
রিংটোন	r i ng T O n
লাইক	l a i k
ফলোয়ার	ph o l O y a r
প্রোফাইল	pr O ph a i l
বোলার	b O l a r
উইকেট	u i k e T
ছক্কা	chh o k k a
আম্পায়ার	a mp a y a r
বর	b o r
কনে	k O n e
বরযাত্রী	b o r j a tr i
কাবিননামা	k a b i n n a m a
আশীর্বাদ	a sh i r b a d
মামলা	m a m l a
রায়	r a y
সাক্ষ্য	sh a kkh O
জরিমানা	j O r i m a n a
চোর	ch O r
ডাকাত	D a k a t
গ্রেপ্তার	gr e p t a r
থানা	th a n a
ইট	i T
বালু	b a l u
রড	r o D
ভিত্তি	bh i tt i
অধ্যাপক	o dh y a p o k
ভর্তি	bh O r t i
স্কলারশিপ	s k o l a r sh i p
বুকিং	b u k i ng
মেনু	m e n u
বিল	b i l
টিপ	T i p
মোছা	m O chh a
বাগান করা	b a g a n | k o r a
সার দেওয়া	sh a r | d e O y a
পানি দেওয়া	p a n i | d e O y a
কলম করা	k o l O m | k o r a
আগাছা	a g a chh a
টব	T o b
চিতাবাঘ	ch i t a b a gh
গণ্ডার	g o n D a r
কুমির	k u m i r
ময়ূর	m O y u r
গিরগিটি	g i r g i T i
টিকটিকি	T i k T i k i
তুলসী	t u l sh i
নিম	n i m
হলুদ চাষ	h O l u d | ch a sh
পুদিনা পাতা	p u d i n a | p a t a
রুই	r u i
কাতলা	k a t l a
পাবদা	p a b d a
শোল	sh O l
টেংরা	T E ng r a
পুঁটি	p u~ T i
বোয়াল	b O y a l
জবা	j o b a
গোলাপ	g O l a p
চাঁপা	ch a~ p a
বেলি	b e l i
শিউলি	sh i u l i
বীমা	b i m a
প্রিমিয়াম	pr i m i y a m
কর	k o r
আয়কর	a y k O r
রশিদ	r O sh i d
কাস্তে	k a st e
কোদাল	k O d a l
জোয়াল	j O y a l
নিড়ানি	n i r a n i
ঝাঁঝরি	jh a~ jh r i
থার্মোমিটার	th a r m O m i T a r
ব্যারোমিটার	b A r O m i T a r
বাতাসের গতি	b a t a sh e r | g O t i
ঠেলা	Th E l a
টানা	T a n a
নামানো	n a m a n O
ছুড়ে ফেলা	chh u r e | ph E l a
গড়িয়ে দেওয়া	g O r i y e | d e O y a
পাল	p a l
মাস্তুল	m a st u l
নোঙর	n O ng o r
জেলে নৌকা	j e l e | n ou k a
খনি	kh O n i
কয়লা	k o y l a
ইস্পাত	i s p a t
কারখানা	k a r kh a n a
উৎপাদন	u t p a d O n
পাণ্ডুলিপি	p a n D u l i p i
ইমিগ্রেশন	i m i gr e sh o n
লাগেজ	l a g e j
ফ্লাইট	ph l a i T
কাপড় ধোয়া	k a p o r | dh O y a
বাসন মাজা	b a sh O n | m a j a
ঘর মোছা	gh o r | m O chh a
ধুলা ঝাড়া	dh u l a | jh a r a
কাপড় ইস্ত্রি করা	k a p o r | i s t r i | k o r a
গোল্লাছুট	g O l l a chh u T
কানামাছি	k a n a m a chh i
লুডু	l u D u
দাড়িয়াবান্ধা	d a r i y a b a ndh a
মার্বেল খেলা	m a r b e l | kh E l a
শিরোনাম	sh i r O n a m
জায়নামাজ	j a y n a m a j
মালা	m a l a
ধূপ	dh u p
জরুরি বিভাগ	j O r u r i | b i bh a g
মেরামত	m e r a m o t
প্লাম্বার	p l a mb a r
ইলেকট্রিশিয়ান	i l e k T r i sh i y a n
ফিউজ	ph i u j
পাইপ লিক	p a i p | l i k
খেলনা	kh E l n a
ডায়াপার	D a y a p a r
ফিডার	ph i D a r
শিশুখাদ্য	sh i sh u kh a d d O
ওয়াকার	O y a k a r
বার্ধক্য	b a r dh o k k O
যত্ন	j o t n O
যাই হোক	j a i | h O k
মানে	m a n e
সত্যি বলতে	sh O t t i | b o l t e
কঠোর	k o Th O r
স্বাধীন	sh a dh i n
একগুঁয়ে	e k g u~ y e
কেজি	k i l O gr a m
মিসড কল	m i s D | k o l
ফিসফিস	ph i sh ph i sh
লস্যি	l O sh sh i
ওষুধের সময়সূচি	O sh u dh e r | sh o m o y sh u ch i
বঁটি	b O~ T i
বিদ্যালয়	b i d d a l o y
খাতা	kh a t a
সেতার	sh e t a r
গোলরক্ষক	g O l r o kkh o k
শাটলকক	sh a T o l k o k
কলিজা	k O l i j a
মেরুদণ্ড	m e r u d o n D O
স্নায়ু	sn a y u
ধমনী	dh o m O n i
কুমোর	k u m O r
ভাশুর	bh a sh u r
চেয়ারম্যান	ch e y a r m A n
মেয়র	m e y O r
সচিব	sh O ch i b
চেক	ch e k
কীবোর্ড	k i b O r D
মাউস	m a u s
স্ক্রিন	s k r i n
সালোয়ার	s a l O y a r
গেঞ্জি	g e nj i
গহনা	g o h O n a
কানের দুল	k a n e r | d u l
নাকফুল	n a k ph u l
আমগাছ	a m g a chh
বটগাছ	b o T g a chh
নারিকেল গাছ	n a r i k e l | g a chh
বাঁশ	b a~ sh
সেগুন	sh e g u n
শাল	sh a l
বক	b o k
পটল	p o T O l
লাউ	l a u
মুলা	m u l a
পেয়ারা	p e y a r a
আনারস	a n a r o sh
ধনিয়া	dh O n i y a
রান্না	r a nn a
বাটা	b a T a
হিংসা	h i ng sh a
করুণা	k O r u n a
সম্প্রচার	sh o m p r O ch a r
ব্যাট	b A T
স্টাম্প	s T a mp
হেলমেট	h e l m e T
র‌্যাকেট	r A k e T
নেট	n e T
মোড়	m O r
ফ্লাইওভার	ph l a i O bh a r
ডাকঘর	D a k gh o r
ডাকটিকিট	D a k T i k i T
কুরিয়ার	k u r i y a r
বন উজাড়	b o n | u j a r
বৃক্ষরোপণ	b ri kkh r O p O n
প্যাথলজি	p A th O l O j i
রেডিওলজি	r e D i O l O j i
ইনজেকশন	i n j e k sh o n
মানসিক স্বাস্থ্য	m a n O sh i k | sh a s th O
অবসাদ	o b O sh a d
লোকনৃত্য	l O k O n ri t t O
ক্যানভাস	k A n bh a s
কুমোরপাড়া	k u m O r p a r a
স্বাধীনতা সংগ্রাম	sh a dh i n o t a | sh o ng gr a m
দমকল বাহিনী	d o m k o l | b a h i n i
উপকূল	u p O k u l
সফটওয়্যার প্রকৌশলী	s o ph T o y a r | pr o k ou sh O l i
সম্পাদনা	sh o mp a d O n a
পরিচালনা	p O r i ch a l O n a
কবরস্থান	k o b O r sth a n
শোকযাত্রা	sh O k O j a tr a
প্রতিবন্ধী	pr O t i b O ndh i
শ্রবণযন্ত্র	s r O b O n j o n t r O
বীজতলা	b i j t o l a
কীটনাশক	k i T n a sh O k
বনরক্ষী	b o n r O kkh i
বিমানচালক	b i m a n ch a l O k
লাইটহাউস	l a i T h a u s
রেললাইন	r e l l a i n
প্ল্যাটফর্ম	p l A T ph O r m
সিগন্যাল বাতি	s i g n a l | b a t i
উপস্থাপক	u p O sth a p O k
খাঁচাবন্দি	kh a~ ch a b O nd i
সৌরশক্তি	sh ou r O sh O kt i
পারমাণবিক শক্তি	p a r O m a n O b i k | sh O kt i
বর্জ্য ব্যবস্থাপনা	b o r j O | b A b O sth a p o n a
অস্ত্রোপচার	o s t r O p o ch a r
প্রসাধনী	pr O sh a dh O n i
সুগন্ধি	sh u g O ndh i
এলবিডব্লিউ	e l b i D o bl i u
অফসাইড	o ph s a i D
আইসিইউ	a i s i i u
ওয়ার্ড	O y a r D
ফার্মেসি	ph a r m e s i
সিরাপ	s i r a p
মনোবিদ	m O n O b i d
সুইমিংপুল	s u i m i ng p u l
গোলক নিক্ষেপ	g O l O k | n i kkh e p
টেবিল টেনিস	T e b i l | T e n i s
শাস্ত্রীয় নৃত্য	sh a s t r i y O | n ri t t O
ভাস্কর	bh a sh k o r
রায়ের কপি	r a y e r | k o p i
সুনামি	s u n a m i
কৃষ্ণগহ্বর	k ri shN O g o h O b b o r
সার্ভার	s a r bh a r
কার্ট	k a r T
শ্মশান	sh o sh a n
গোলাঘর	g O l a gh o r
গোয়ালঘর	g O y a l gh o r
দুধ দোহন	d u dh | d O h O n
বন্দর	b o nd O r
সম্প্রচার কেন্দ্র	sh o m p r O ch a r | k e ndr O
গ্রন্থাগার	gr O n th a g a r
গ্রন্থাগারিক	gr O n th a g a r i k
অভয়ারণ্য	o bh o y a r o n n O
বায়ুশক্তি	b a y u sh O kt i
পানি শোধন	p a n i | sh O dh O n
রক্তদান	r o kt O d a n
অঙ্গদান	o ngg O d a n
সেলুন	s e l u n
সেঞ্চুরি	s e nch u r i
টসের ফল	T o s e r | ph o l
পদক	p o d O k
নৃত্যশিল্পী	n ri t t O sh i l p i
নৃত্যনাট্য	n ri t t O n a T T O
চিত্রশিল্পী	ch i tr O sh i l p i
রং তুলি	r o ng | t u l i
প্রবন্ধ	pr O b O ndh O
রিফান্ড	r i ph a n D
হর্ন	h o r n
বিয়ের কার্ড	b i y e r | k a r D
বগি	b o g i
প্রদর্শনী	pr O d O r sh O n i
হোমিওপ্যাথি	h O m i O p A th i
অপারেশন থিয়েটার	o p a r e sh o n | th i y e T a r
বড়ি	b O r i
মলম	m o l O m
ড্রপ	D r o p
দাঁতের ডাক্তার	d a~ t e r | D a kt a r
চোখের ডাক্তার	ch O kh e r | D a kt a r
দাঁতের মাজন	d a~ t e r | m a j O n
পরামর্শ	p o r a m o r sh O
চাপ	ch a p
সাঁতারু	sh a~ t a r u
দৌড়বিদ	d ou r b i d
লাফ	l a ph
বর্শা নিক্ষেপ	b o r sh a | n i kkh e p
দাবার ঘুঁটি	d a b a r | gh u~ T i
কবাডি	k o b a D i
ক্যারাম	k A r a m
লুডুর গুটি	l u D u r | g u T i
তাস	t a sh
কুংফু	k u ng ph u
কারাতে	k a r a t e
জুডো	j u D O
মুষ্টিযুদ্ধ	m u shT i j u d dh O
কুস্তি	k u st i
তুলি	t u l i
নকশিকাঁথা	n o k sh i k a~ th a
বাঁশের কাজ	b a~ sh e r | k a j
গল্প	g o l p O
ছন্দ	chh o nd O
ইতিহাসবিদ	i t i h a sh b i d
ভোটার	bh O T a r
রাজনীতিবিদ	r a j n i t i b i d
কারাগার	k a r a g a r
ভূমিধস	bh u m i dh o sh
মালভূমি	m a l bh u m i
উল্কা	u l k a
মহাবিশ্ব	m o h a b i sh sh O
প্রোগ্রামার	pr O gr a m a r
রাউটার	r a u T a r
অ্যাপ্লিকেশন	A p l i k e sh o n
অনলাইন কেনাকাটা	o n l a i n | k e n a k a T a
চেকআউট	ch e k a u T
রিভিউ	r i bh i u
ডেলিভারি	D e l i bh a r i
শুটিং স্পট	sh u T i ng | s p o T
মঞ্চ	m o nch O
সংলাপ বলা	sh o ng l a p | b o l a
অভিনয়	o bh i n o y
গায়ে হলুদ	g a y e | h O l u d
বাসর ঘর	b a sh O r | gh o r
যৌতুক	j ou t u k
কনেযাত্রী	k O n e j a tr i
দাফন	d a ph O n
কুলখানি	k u l kh a n i
শিশুর জন্ম	sh i sh u r | j o n m O
বেবি ফুড	b e b i | ph u D
খেলনা গাড়ি	kh E l n a | g a r i
টিকা	T i k a
বৃদ্ধাশ্রম	b ri d dh a s r o m
লাঠি	l a Th i
ফসল কাটা	ph o sh O l | k a T a
সার প্রয়োগ	sh a r | pr o y O g
মুরগির খামার	m u r g i r | kh a m a r
পশুখাদ্য	p O sh u kh a d d O
খাঁচা	kh a~ ch a
জাল	j a l
মাছ ধরা	m a chh | dh o r a
ট্রলার	T r o l a r
গাছ কাটা	g a chh | k a T a
পোশাক কারখানা	p O sh a k | k a r kh a n a
সেলাই মেশিন	sh e l a i | m e sh i n
বোতাম	b O t a m
রং করা	r O ng | k o r a
প্যাকেজিং	p A k e j i ng
রপ্তানি	r o p t a n i
আমদানি	a m d a n i
শেয়ার বাজার	sh e y a r | b a j a r
ফ্ল্যাট	ph l A T
প্লট	p l o T
দালান	d a l a n
ভিত্তি প্রস্তর	bh i tt i | pr o st o r
কাঠমিস্ত্রি	k a Th m i s t r i
ঝালাই কর্মী	jh a l a i | k O r m i
রং মিস্ত্রি	r O ng | m i s t r i
ইঞ্জিন	i nj i n
চাকা	ch a k a
ব্রেক	br e k
হেডলাইট	h e D l a i T
প্যাডেল	p A D e l
রানওয়ে	r a n O y e
নাবিক	n a b i k
টাওয়ার	T a O y a r
সংকেত	sh O ng k e t
সাক্ষাৎকার	sh a kkh a t k a r
ছাপাখানা	chh a p a kh a n a
বাঁধাই	b a~ dh a i
সূচিপত্র	sh u ch i p o tr O
জাদুঘর	j a d u gh o r
চিড়িয়াখানা	ch i r i y a kh a n a
মহামারী	m o h a m a r i
টিকাদান	T i k a d a n
সংক্রামক রোগ	sh o ng kr a m o k | r O g
ফিজিওথেরাপি	ph i j i O th e r a p i
আয়ুর্বেদ	a y u r b e d
যোগব্যায়াম	j O g b a y a m
ধ্যান	dh y A n
জিমনেসিয়াম	j i m n e sh i y a m
ডাম্বেল	D a mb e l
চুল কাটা	ch u l | k a T a
মেহেদি	m e h e d i
রান আউট	r a n | a u T
পেনাল্টি	p e n a l T i
অলিম্পিক	o l i mp i k
শরণার্থী	sh o r O n a r th i
বহিরাগমন	b O h i r a g o m O n
লেনদেন	l e n d e n
জীববৈচিত্র্য	j i b O b oi ch i t r O
সমীকরণ	sh O m i k o r O n
গুণফল	g u n ph o l
ভাগফল	bh a g ph o l
মাদারবোর্ড	m a d a r b O r D
ক্যালরি	k A l O r i
চটপটি	ch o T p O T i
উপজেলা পরিষদ	u p O j e l a | p O r i sh o d
পৌরসভা	p ou r O sh o bh a
পুলিশ কমিশনার	p u l i sh | k o m i sh o n a r
সীমান্তরক্ষী	sh i m a nt O r O kkh i
শহরায়ন	sh o h O r a y O n
গাড়ির কাগজপত্র	g a r i r | k a g O j p o tr O
চালকের লাইসেন্স	ch a l O k e r | l a i s e n s
এয়ার কন্ডিশনার	e y a r | k o n D i sh o n a r
উপস্থাপনা	u p O sth a p O n a
কার্যবিবরণী	k a r j O b i b o r O n i
গবেষণা	g o b e sh O n a
তত্ত্বাবধায়ক	t o t t a b o dh a y o k
প্রকাশনা	pr O k a sh O n a
সানগ্লাস	s a n g l a s
হৃদরোগ বিশেষজ্ঞ	ri d r O g | b i sh e sh o g g y O
গ্রিনহাউস	gr i n h a u s
কনফেকশনারি	k o n ph e k sh O n a r i
সরবরাহ শৃঙ্খল	sh o r b o r a h O | s ri ng kh o l
ভিসা	bh i s a
ছাড়পত্র	chh a r p o tr O
খাদ্যশৃঙ্খল	kh a d d O s ri ng kh o l
আবাসস্থল	a b a sh sth o l
দ্রাবক	d r a b O k
অণুবীক্ষণ যন্ত্র	O n u b i kkh o n | j o n t r O
দোলক	d O l O k
বর্গমূল	b o r g O m u l
ভগ্নাংশ	bh o g n a ng sh O
অনুপাত	O n u p a t
প্রসেসর	pr o s e s o r
হার্ডডিস্ক	h a r D D i s k
গ্রাফিক্স কার্ড	gr a ph i k s | k a r D
পাওয়ার সাপ্লাই	p a O y a r | s a p l a i
দর্শনীয় স্থান	d o r sh O n i y O | sth a n
ভ্রমণ ভাতা	bh r O m O n | bh a t a
অভয়ারণ্য ভ্রমণ	o bh o y a r o n n O | bh r O m O n
জাতীয় পতাকা	j a t i y O | p o t a k a
জাতীয় সংগীত	j a t i y O | sh O ng g i t
জাতীয় ফুল	j a t i y O | ph u l
জাতীয় পাখি	j a t i y O | p a kh i
জাতীয় প্রতীক	j a t i y O | pr O t i k
জেলা প্রশাসক	j e l a | pr O sh a sh o k
আশ্রয়কেন্দ্র	a s r o y k e ndr O
স্বেচ্ছাসেবক	sh e ch chh a sh e b O k
ক্ষতিগ্রস্ত	kkh O t i gr O st O
দাতব্য সংস্থা	d a t O b b O | sh o ng sth a
অনুদান	O n u d a n
ক্ষুদ্রঋণ	kkh u d r O ri n
সমিতি	sh o m i t i
নিবন্ধন নম্বর	n i b o ndh O n | n o mb O r
গ্যাস সংযোগ	g A s | sh o ng j O g
মিক্সার	m i k s a r
অভিসন্দর্ভ	O bh i sh o nd o r bh O
স্যান্ডেল	s A n D e l
মানিব্যাগ	m a n i b A g
হাতব্যাগ	h a t b A g
চর্মরোগ	ch o r m O r O g
ক্যান্সার বিশেষজ্ঞ	k A n s a r | b i sh e sh o g g y O
রক্তের গ্রুপ	r o kt e r | gr u p
অঙ্গ প্রতিস্থাপন	o ngg O | pr o t i sth a p O n
পয়ঃনিষ্কাশন	p o y O n i sh k a sh o n
জৈব সার	j oi b O | sh a r
স্যানিটেশন	s A n i T e sh o n
মধু সংগ্রহ	m O dh u | sh o ng gr O h O
এজেন্ট	e j e n T
বিপন্ন প্রজাতি	b i p o nn O | pr O j a t i
শর্করা	sh o r k o r a
নর্দমা	n o r d O m a
গ্রহীতা	gr O h i t a
আবর্জনা	a b O r j O n a
জীবন বীমা	j i b o n | b i m a
স্বাস্থ্য বীমা	sh a s th O | b i m a
দলিল	d O l i l
উইল	u i l
মুক্তার নামা	m u kt a r | n a m a
অছি	o chh i
অভিবাসন	o bh i b a sh O n
মোবাইল ব্যাংকিং	m O b a i l | b A ng k i ng
পিন কোড	p i n | k O D
পূর্বাভাস	p u r b a bh a sh
বায়ুচাপ	b a y u ch a p
তাপমাত্রা	t a p m a tr a
দমকা হাওয়া	d o m k a | h a O y a
টেস্টটিউব	T e s T T i u b
বিকার	b i k a r
চুম্বক	ch u mb o k
ভিডিও গেম	bh i D i O | g e m
জয়স্টিক	j o y s T i k
পুতুল	p u t u l
ঘুড়ি	gh u r i
লাটিম	l a T i m
মার্বেল	m a r b e l
প্রোটিন	pr O T i n
ভিটামিন	bh i T a m i n
আঁশ	a~ sh
ফুচকা	ph u ch k a
ঝালমুড়ি	jh a l m u r i
চাটনি	ch a T n i
গাইড	g a i D
হোটেল বুকিং	h O T e l | b u k i ng
সচিবালয়	sh O ch i b a l o y
ইউনিয়ন পরিষদ	i u n i y o n | p O r i sh o d
সেনাবাহিনী	sh e n a b a h i n i
নৌবাহিনী	n ou b a h i n i
বিমানবাহিনী	b i m a n b a h i n i
ত্রাণ	tr a n
এনজিও	e n j i O
গ্রামীণ রাস্তা	gr a m i n | r a st a
বস্তি	b O st i
আবাসিক এলাকা	a b a sh i k | e l a k a
ট্রাফিক জ্যাম	T r a ph i k | j A m
জরিমানার রশিদ	j O r i m a n a r | r O sh i d
বিদ্যুৎ বিল	b i d d u t | b i l
পানির বিল	p a n i r | b i l
মিটার রিডিং	m i T a r | r i D i ng
লোডশেডিং	l O D sh e D i ng
ওয়াশিং মেশিন	O y a sh i ng | m e sh i n
সভাকক্ষ	sh o bh a k o kkh O
বৃত্তি	b ri tt i
স্নায়ুরোগ বিশেষজ্ঞ	sn a y u r O g | b i sh e sh o g g y O
শিশুরোগ বিশেষজ্ঞ	sh i sh u r O g | b i sh e sh o g g y O
রক্ত সঞ্চালন	r o kt O | sh o nch a l o n
দাতা	d a t a
ময়লার গাড়ি	m o y l a r | g a r i
ছাদ বাগান	chh a d | b a g a n
মৌচাক	m ou ch a k
রেশম চাষ	r e sh o m | ch a sh
বেকারি	b e k a r i
হিমাগার	h i m a g a r
আচার	a ch a r
পাইকারি বাজার	p a i k a r i | b a j a r
খুচরা বিক্রেতা	kh u ch r a | b i kr e t a
গুদাম	g u d a m
শুল্ক	sh u l k O
